"","Home_Team","Away_Team","Indicator","Stadium","Attendance","Season","Date","Round"
"1","Melbourne City","Brisbane Roar","Hyundai A-League R1","AAMI Park",9589,"17/18","2017-10-06","1"
"2","Central Coast Mariners","Newcastle Jets","Hyundai A-League R1","Central Coast Stadium",12044,"17/18","2017-10-07","1"
"3","Melbourne Victory","Sydney FC","Hyundai A-League R1","Marvel Stadium",24804,"17/18","2017-10-07","1"
"4","Wellington Phoenix","Adelaide United","Hyundai A-League R1","Westpac Stadium",8154,"17/18","2017-10-08","1"
"5","Western Sydney Wanderers","Perth Glory","Hyundai A-League R1","Spotless Stadium",12223,"17/18","2017-10-08","1"
"6","Brisbane Roar","Adelaide United","Hyundai A-League R2","Suncorp Stadium",11178,"17/18","2017-10-13","2"
"7","Melbourne Victory","Melbourne City","Hyundai A-League R2","Marvel Stadium",35792,"17/18","2017-10-14","2"
"8","Western Sydney Wanderers","Central Coast Mariners","Hyundai A-League R2","Spotless Stadium",11650,"17/18","2017-10-14","2"
"9","Newcastle Jets","Perth Glory","Hyundai A-League R2","McDonald Jones Stadium",16633,"17/18","2017-10-15","2"
"10","Sydney FC","Wellington Phoenix","Hyundai A-League R2","Allianz Stadium",11284,"17/18","2017-10-15","2"
"11","Adelaide United","Melbourne Victory","Hyundai A-League R3","Adelaide Oval",19416,"17/18","2017-10-20","3"
"12","Melbourne City","Wellington Phoenix","Hyundai A-League R3","AAMI Park",9091,"17/18","2017-10-21","3"
"13","Sydney FC","Western Sydney Wanderers","Hyundai A-League R3","Allianz Stadium",34810,"17/18","2017-10-21","3"
"14","Brisbane Roar","Newcastle Jets","Hyundai A-League R3","Suncorp Stadium",10104,"17/18","2017-10-22","3"
"15","Perth Glory","Central Coast Mariners","Hyundai A-League R3","HBF Park",12167,"17/18","2017-10-22","3"
"16","Sydney FC","Perth Glory","Hyundai A-League R4","Allianz Stadium",10063,"17/18","2017-10-27","4"
"17","Adelaide United","Melbourne City","Hyundai A-League R4","Coopers Stadium",11689,"17/18","2017-10-28","4"
"18","Wellington Phoenix","Brisbane Roar","Hyundai A-League R4","Westpac Stadium",7018,"17/18","2017-10-28","4"
"19","Central Coast Mariners","Melbourne Victory","Hyundai A-League R4","Central Coast Stadium",5519,"17/18","2017-10-29","4"
"20","Newcastle Jets","Western Sydney Wanderers","Hyundai A-League R4","McDonald Jones Stadium",11468,"17/18","2017-10-29","4"
"21","Melbourne City","Sydney FC","Hyundai A-League R5","AAMI Park",11034,"17/18","2017-11-03","5"
"22","Newcastle Jets","Wellington Phoenix","Hyundai A-League R5","McDonald Jones Stadium",6258,"17/18","2017-11-04","5"
"23","Perth Glory","Adelaide United","Hyundai A-League R5","HBF Park",11049,"17/18","2017-11-04","5"
"24","Brisbane Roar","Central Coast Mariners","Hyundai A-League R5","Suncorp Stadium",11485,"17/18","2017-11-05","5"
"25","Melbourne Victory","Western Sydney Wanderers","Hyundai A-League R5","Marvel Stadium",21577,"17/18","2017-11-06","5"
"26","Central Coast Mariners","Sydney FC","Hyundai A-League R6","Central Coast Stadium",7873,"17/18","2017-11-10","6"
"27","Adelaide United","Newcastle Jets","Hyundai A-League R6","Coopers Stadium",8416,"17/18","2017-11-11","6"
"28","Melbourne Victory","Brisbane Roar","Hyundai A-League R6","Marvel Stadium",18098,"17/18","2017-11-11","6"
"29","Melbourne City","Western Sydney Wanderers","Hyundai A-League R6","AAMI Park",7516,"17/18","2017-11-12","6"
"30","Wellington Phoenix","Perth Glory","Hyundai A-League R6","Westpac Stadium",6105,"17/18","2017-11-12","6"
"31","Central Coast Mariners","Adelaide United","Hyundai A-League R7","Central Coast Stadium",5073,"17/18","2017-11-16","7"
"32","Brisbane Roar","Melbourne City","Hyundai A-League R7","Suncorp Stadium",9285,"17/18","2017-11-17","7"
"33","Sydney FC","Newcastle Jets","Hyundai A-League R7","Allianz Stadium",11519,"17/18","2017-11-18","7"
"34","Western Sydney Wanderers","Wellington Phoenix","Hyundai A-League R7","ANZ Stadium",7127,"17/18","2018-02-11","7"
"35","Perth Glory","Melbourne Victory","Hyundai A-League R7","HBF Park",13565,"17/18","2017-11-19","7"
"36","Newcastle Jets","Melbourne Victory","Hyundai A-League R8","McDonald Jones Stadium",8427,"17/18","2017-11-23","8"
"37","Melbourne City","Perth Glory","Hyundai A-League R8","AAMI Park",6963,"17/18","2017-11-24","8"
"38","Adelaide United","Western Sydney Wanderers","Hyundai A-League R8","Coopers Stadium",8210,"17/18","2017-11-26","8"
"39","Wellington Phoenix","Central Coast Mariners","Hyundai A-League R8","Westpac Stadium",5679,"17/18","2017-11-25","8"
"40","Sydney FC","Brisbane Roar","Hyundai A-League R8","Allianz Stadium",10044,"17/18","2017-11-25","8"
"41","Adelaide United","Sydney FC","Hyundai A-League R9","Coopers Stadium",7021,"17/18","2017-12-01","9"
"42","Newcastle Jets","Melbourne City","Hyundai A-League R9","McDonald Jones Stadium",8108,"17/18","2017-12-02","9"
"43","Western Sydney Wanderers","Brisbane Roar","Hyundai A-League R9","ANZ Stadium",8215,"17/18","2017-12-02","9"
"44","Central Coast Mariners","Perth Glory","Hyundai A-League R9","Central Coast Stadium",8115,"17/18","2017-12-03","9"
"45","Wellington Phoenix","Melbourne Victory","Hyundai A-League R9","Westpac Stadium",5765,"17/18","2017-12-03","9"
"46","Melbourne Victory","Adelaide United","Hyundai A-League R10","Marvel Stadium",16778,"17/18","2017-12-08","10"
"47","Brisbane Roar","Wellington Phoenix","Hyundai A-League R10","Cbus Super Stadium",5192,"17/18","2017-12-09","10"
"48","Perth Glory","Newcastle Jets","Hyundai A-League R10","HBF Park",8063,"17/18","2017-12-09","10"
"49","Western Sydney Wanderers","Sydney FC","Hyundai A-League R10","ANZ Stadium",36433,"17/18","2017-12-09","10"
"50","Melbourne City","Central Coast Mariners","Hyundai A-League R10","AAMI Park",7170,"17/18","2017-12-10","10"
"51","Sydney FC","Melbourne City","Hyundai A-League R11","Allianz Stadium",10688,"17/18","2017-12-15","11"
"52","Central Coast Mariners","Western Sydney Wanderers","Hyundai A-League R11","Central Coast Stadium",7199,"17/18","2017-12-16","11"
"53","Newcastle Jets","Adelaide United","Hyundai A-League R11","McDonald Jones Stadium",8146,"17/18","2017-12-16","11"
"54","Perth Glory","Wellington Phoenix","Hyundai A-League R11","HBF Park",7750,"17/18","2017-12-16","11"
"55","Brisbane Roar","Melbourne Victory","Hyundai A-League R11","Suncorp Stadium",10225,"17/18","2017-12-17","11"
"56","Brisbane Roar","Perth Glory","Hyundai A-League R12","Suncorp Stadium",7031,"17/18","2017-12-21","12"
"57","Newcastle Jets","Western Sydney Wanderers","Hyundai A-League R12","McDonald Jones Stadium",9862,"17/18","2017-12-22","12"
"58","Melbourne City","Melbourne Victory","Hyundai A-League R12","AAMI Park",20787,"17/18","2017-12-23","12"
"59","Wellington Phoenix","Sydney FC","Hyundai A-League R12","Westpac Stadium",5432,"17/18","2017-12-23","12"
"60","Adelaide United","Central Coast Mariners","Hyundai A-League R12","Coopers Stadium",10313,"17/18","2017-12-26","12"
"61","Western Sydney Wanderers","Melbourne City","Hyundai A-League R13","ANZ Stadium",11628,"17/18","2018-01-01","13"
"62","Melbourne Victory","Newcastle Jets","Hyundai A-League R13","AAMI Park",15534,"17/18","2017-12-29","13"
"63","Adelaide United","Brisbane Roar","Hyundai A-League R13","Coopers Stadium",9875,"17/18","2017-12-30","13"
"64","Sydney FC","Perth Glory","Hyundai A-League R13","Allianz Stadium",13322,"17/18","2017-12-30","13"
"65","Central Coast Mariners","Wellington Phoenix","Hyundai A-League R13","Central Coast Stadium",9110,"17/18","2017-12-31","13"
"66","Sydney FC","Newcastle Jets","Hyundai A-League R14","Allianz Stadium",18055,"17/18","2018-01-03","14"
"67","Brisbane Roar","Western Sydney Wanderers","Hyundai A-League R14","Suncorp Stadium",11189,"17/18","2018-01-05","14"
"68","Melbourne Victory","Central Coast Mariners","Hyundai A-League R14","GMHBA Stadium",8370,"17/18","2018-01-06","14"
"69","Melbourne City","Wellington Phoenix","Hyundai A-League R14","AAMI Park",5207,"17/18","2018-01-06","14"
"70","Perth Glory","Adelaide United","Hyundai A-League R14","HBF Park",9069,"17/18","2018-01-05","14"
"71","Brisbane Roar","Sydney FC","Hyundai A-League R15","Suncorp Stadium",7826,"17/18","2018-01-08","15"
"72","Newcastle Jets","Central Coast Mariners","Hyundai A-League R15","McDonald Jones Stadium",13127,"17/18","2018-01-09","15"
"73","Wellington Phoenix","Melbourne Victory","Hyundai A-League R15","Westpac Stadium",5105,"17/18","2018-01-10","15"
"74","Perth Glory","Melbourne City","Hyundai A-League R15","HBF Park",8016,"17/18","2018-01-09","15"
"75","Western Sydney Wanderers","Adelaide United","Hyundai A-League R15","ANZ Stadium",10771,"17/18","2018-01-10","15"
"76","Newcastle Jets","Brisbane Roar","Hyundai A-League R16","McDonald Jones Stadium",12137,"17/18","2018-01-12","16"
"77","Central Coast Mariners","Melbourne City","Hyundai A-League R16","Central Coast Stadium",6253,"17/18","2018-01-14","16"
"78","Melbourne Victory","Perth Glory","Hyundai A-League R16","AAMI Park",14332,"17/18","2018-01-13","16"
"79","Adelaide United","Sydney FC","Hyundai A-League R16","Coopers Stadium",9959,"17/18","2018-01-14","16"
"80","Wellington Phoenix","Western Sydney Wanderers","Hyundai A-League R16","Westpac Stadium",5634,"17/18","2018-01-13","16"
"81","Brisbane Roar","Perth Glory","Hyundai A-League R17","Suncorp Stadium",6258,"17/18","2018-01-18","17"
"82","Western Sydney Wanderers","Melbourne Victory","Hyundai A-League R17","ANZ Stadium",11864,"17/18","2018-01-19","17"
"83","Newcastle Jets","Wellington Phoenix","Hyundai A-League R17","McDonald Jones Stadium",10877,"17/18","2018-01-20","17"
"84","Sydney FC","Central Coast Mariners","Hyundai A-League R17","Allianz Stadium",13511,"17/18","2018-01-20","17"
"85","Melbourne City","Adelaide United","Hyundai A-League R17","AAMI Park",8103,"17/18","2018-01-21","17"
"86","Melbourne City","Newcastle Jets","Hyundai A-League R18","AAMI Park",7790,"17/18","2018-01-25","18"
"87","Melbourne Victory","Sydney FC","Hyundai A-League R18","AAMI Park",21037,"17/18","2018-01-26","18"
"88","Central Coast Mariners","Brisbane Roar","Hyundai A-League R18","Central Coast Stadium",5264,"17/18","2018-01-27","18"
"89","Wellington Phoenix","Adelaide United","Hyundai A-League R18","Westpac Stadium",6746,"17/18","2018-01-27","18"
"90","Perth Glory","Western Sydney Wanderers","Hyundai A-League R18","HBF Park",9317,"17/18","2018-01-28","18"
"91","Newcastle Jets","Melbourne Victory","Hyundai A-League R19","McDonald Jones Stadium",11473,"17/18","2018-02-03","19"
"92","Adelaide United","Perth Glory","Hyundai A-League R19","Coopers Stadium",7976,"17/18","2018-02-03","19"
"93","Sydney FC","Wellington Phoenix","Hyundai A-League R19","Allianz Stadium",10220,"17/18","2018-02-02","19"
"94","Brisbane Roar","Melbourne City","Hyundai A-League R19","Suncorp Stadium",9150,"17/18","2018-02-04","19"
"95","Central Coast Mariners","Western Sydney Wanderers","Hyundai A-League R19","Central Coast Stadium",7046,"17/18","2018-02-04","19"
"96","Melbourne Victory","Brisbane Roar","Hyundai A-League R20","AAMI Park",14576,"17/18","2018-02-09","20"
"97","Melbourne City","Sydney FC","Hyundai A-League R20","AAMI Park",8587,"17/18","2018-02-10","20"
"98","Wellington Phoenix","Perth Glory","Hyundai A-League R20","Westpac Stadium",4806,"17/18","2018-02-17","20"
"99","Western Sydney Wanderers","Newcastle Jets","Hyundai A-League R20","Spotless Stadium",10065,"17/18","2018-02-16","20"
"100","Adelaide United","Central Coast Mariners","Hyundai A-League R20","Coopers Stadium",8282,"17/18","2018-02-17","20"
"101","Central Coast Mariners","Wellington Phoenix","Hyundai A-League R21","Central Coast Stadium",4973,"17/18","2018-02-23","21"
"102","Brisbane Roar","Newcastle Jets","Hyundai A-League R21","Suncorp Stadium",8120,"17/18","2018-02-24","21"
"103","Melbourne Victory","Adelaide United","Hyundai A-League R21","AAMI Park",13396,"17/18","2018-02-24","21"
"104","Perth Glory","Melbourne City","Hyundai A-League R21","HBF Park",8029,"17/18","2018-02-24","21"
"105","Sydney FC","Western Sydney Wanderers","Hyundai A-League R21","Allianz Stadium",25211,"17/18","2018-02-25","21"
"106","Melbourne City","Melbourne Victory","Hyundai A-League R22","AAMI Park",20083,"17/18","2018-03-02","22"
"107","Brisbane Roar","Adelaide United","Hyundai A-League R22","Suncorp Stadium",8237,"17/18","2018-03-03","22"
"108","Newcastle Jets","Sydney FC","Hyundai A-League R22","McDonald Jones Stadium",18156,"17/18","2018-03-03","22"
"109","Perth Glory","Central Coast Mariners","Hyundai A-League R22","HBF Park",7277,"17/18","2018-03-10","22"
"110","Western Sydney Wanderers","Wellington Phoenix","Hyundai A-League R22","Spotless Stadium",7041,"17/18","2018-03-10","22"
"111","Adelaide United","Melbourne City","Hyundai A-League R23","Coopers Stadium",7668,"17/18","2018-03-16","23"
"112","Wellington Phoenix","Newcastle Jets","Hyundai A-League R23","QBE Stadium",4672,"17/18","2018-03-17","23"
"113","Western Sydney Wanderers","Perth Glory","Hyundai A-League R23","Spotless Stadium",6612,"17/18","2018-03-04","23"
"114","Melbourne Victory","Central Coast Mariners","Hyundai A-League R23","AAMI Park",14076,"17/18","2018-03-18","23"
"115","Sydney FC","Brisbane Roar","Hyundai A-League R23","Allianz Stadium",10890,"17/18","2018-03-17","23"
"116","Adelaide United","Newcastle Jets","Hyundai A-League R24","Coopers Stadium",7227,"17/18","2018-03-23","24"
"117","Central Coast Mariners","Sydney FC","Hyundai A-League R24","Central Coast Stadium",7082,"17/18","2018-03-24","24"
"118","Melbourne City","Western Sydney Wanderers","Hyundai A-League R24","AAMI Park",6354,"17/18","2018-03-24","24"
"119","Perth Glory","Melbourne Victory","Hyundai A-League R24","HBF Park",7796,"17/18","2018-03-25","24"
"120","Wellington Phoenix","Brisbane Roar","Hyundai A-League R24","Westpac Stadium",4594,"17/18","2018-03-25","24"
"121","Newcastle Jets","Melbourne City","Hyundai A-League R25","McDonald Jones Stadium",11423,"17/18","2018-04-01","25"
"122","Adelaide United","Wellington Phoenix","Hyundai A-League R25","Coopers Stadium",11738,"17/18","2018-03-30","25"
"123","Brisbane Roar","Central Coast Mariners","Hyundai A-League R25","Suncorp Stadium",12019,"17/18","2018-03-31","25"
"124","Melbourne Victory","Western Sydney Wanderers","Hyundai A-League R25","AAMI Park",15280,"17/18","2018-03-31","25"
"125","Perth Glory","Sydney FC","Hyundai A-League R25","HBF Park",7742,"17/18","2018-03-29","25"
"126","Newcastle Jets","Perth Glory","Hyundai A-League R26","McDonald Jones Stadium",8123,"17/18","2018-04-06","26"
"127","Melbourne City","Central Coast Mariners","Hyundai A-League R26","AAMI Park",8156,"17/18","2018-04-07","26"
"128","Western Sydney Wanderers","Brisbane Roar","Hyundai A-League R26","ANZ Stadium",9266,"17/18","2018-04-07","26"
"129","Melbourne Victory","Wellington Phoenix","Hyundai A-League R26","AAMI Park",13182,"17/18","2018-04-08","26"
"130","Sydney FC","Adelaide United","Hyundai A-League R26","Allianz Stadium",9110,"17/18","2018-04-08","26"
"131","Sydney FC","Melbourne Victory","Hyundai A-League R27","Allianz Stadium",15567,"17/18","2018-04-13","27"
"132","Central Coast Mariners","Newcastle Jets","Hyundai A-League R27","Central Coast Stadium",7604,"17/18","2018-04-14","27"
"133","Perth Glory","Brisbane Roar","Hyundai A-League R27","HBF Park",9579,"17/18","2018-04-14","27"
"134","Wellington Phoenix","Melbourne City","Hyundai A-League R27","QBE Stadium",4312,"17/18","2018-04-14","27"
"135","Western Sydney Wanderers","Adelaide United","Hyundai A-League R27","ANZ Stadium",12122,"17/18","2018-04-15","27"
"136","Brisbane Roar","Melbourne Victory","Hyundai A-League R1","Suncorp Stadium",15805,"16/17","2016-10-07","1"
"137","Wellington Phoenix","Melbourne City","Hyundai A-League R1","Westpac Stadium",10034,"16/17","2016-10-08","1"
"138","Western Sydney Wanderers","Sydney FC","Hyundai A-League R1","ANZ Stadium",61880,"16/17","2016-10-08","1"
"139","Perth Glory","Central Coast Mariners","Hyundai A-League R1","HBF Park",9501,"16/17","2016-10-08","1"
"140","Newcastle Jets","Adelaide United","Hyundai A-League R1","McDonald Jones Stadium",9145,"16/17","2016-10-09","1"
"141","Adelaide United","Western Sydney Wanderers","Hyundai A-League R2","Coopers Stadium",14789,"16/17","2016-10-14","2"
"142","Sydney FC","Central Coast Mariners","Hyundai A-League R2","Allianz Stadium",15082,"16/17","2016-10-15","2"
"143","Melbourne Victory","Melbourne City","Hyundai A-League R2","Marvel Stadium",43188,"16/17","2016-10-15","2"
"144","Newcastle Jets","Brisbane Roar","Hyundai A-League R2","McDonald Jones Stadium",8335,"16/17","2016-10-16","2"
"145","Perth Glory","Wellington Phoenix","Hyundai A-League R2","HBF Park",11209,"16/17","2016-10-16","2"
"146","Melbourne City","Perth Glory","Hyundai A-League R3","AAMI Park",7905,"16/17","2016-10-21","3"
"147","Central Coast Mariners","Brisbane Roar","Hyundai A-League R3","Central Coast Stadium",7073,"16/17","2016-10-22","3"
"148","Adelaide United","Melbourne Victory","Hyundai A-League R3","Coopers Stadium",14908,"16/17","2016-10-22","3"
"149","Wellington Phoenix","Sydney FC","Hyundai A-League R3","Westpac Stadium",7365,"16/17","2016-10-23","3"
"150","Western Sydney Wanderers","Newcastle Jets","Hyundai A-League R3","Spotless Stadium",13247,"16/17","2016-10-23","3"
"151","Melbourne City","Adelaide United","Hyundai A-League R4","AAMI Park",10053,"16/17","2016-10-28","4"
"152","Newcastle Jets","Sydney FC","Hyundai A-League R4","McDonald Jones Stadium",11873,"16/17","2016-10-29","4"
"153","Western Sydney Wanderers","Central Coast Mariners","Hyundai A-League R4","Spotless Stadium",12168,"16/17","2016-10-29","4"
"154","Brisbane Roar","Perth Glory","Hyundai A-League R4","Suncorp Stadium",13428,"16/17","2016-10-30","4"
"155","Melbourne Victory","Wellington Phoenix","Hyundai A-League R4","Marvel Stadium",20113,"16/17","2016-10-31","4"
"156","Brisbane Roar","Melbourne City","Hyundai A-League R5","Suncorp Stadium",20198,"16/17","2016-11-04","5"
"157","Wellington Phoenix","Newcastle Jets","Hyundai A-League R5","Westpac Stadium",5832,"16/17","2016-11-05","5"
"158","Sydney FC","Melbourne Victory","Hyundai A-League R5","Allianz Stadium",19143,"16/17","2016-11-05","5"
"159","Adelaide United","Central Coast Mariners","Hyundai A-League R5","Coopers Stadium",10974,"16/17","2016-11-06","5"
"160","Perth Glory","Western Sydney Wanderers","Hyundai A-League R5","HBF Park",13290,"16/17","2016-11-06","5"
"161","Melbourne City","Newcastle Jets","Hyundai A-League R6","AAMI Park",7745,"16/17","2016-11-10","6"
"162","Adelaide United","Brisbane Roar","Hyundai A-League R6","Coopers Stadium",9146,"16/17","2016-11-11","6"
"163","Central Coast Mariners","Wellington Phoenix","Hyundai A-League R6","GIO Stadium",5497,"16/17","2016-11-12","6"
"164","Melbourne Victory","Western Sydney Wanderers","Hyundai A-League R6","Marvel Stadium",21480,"16/17","2016-11-12","6"
"165","Sydney FC","Perth Glory","Hyundai A-League R6","Allianz Stadium",14167,"16/17","2016-11-13","6"
"166","Western Sydney Wanderers","Melbourne City","Hyundai A-League R7","Spotless Stadium",14232,"16/17","2016-11-18","7"
"167","Perth Glory","Adelaide United","Hyundai A-League R7","HBF Park",10011,"16/17","2016-11-18","7"
"168","Wellington Phoenix","Melbourne Victory","Hyundai A-League R7","Westpac Stadium",5865,"16/17","2017-01-17","7"
"169","Brisbane Roar","Sydney FC","Hyundai A-League R7","Suncorp Stadium",17322,"16/17","2016-11-19","7"
"170","Newcastle Jets","Central Coast Mariners","Hyundai A-League R7","McDonald Jones Stadium",11238,"16/17","2016-11-20","7"
"171","Central Coast Mariners","Perth Glory","Hyundai A-League R8","Central Coast Stadium",5296,"16/17","2016-11-24","8"
"172","Western Sydney Wanderers","Brisbane Roar","Hyundai A-League R8","Spotless Stadium",11201,"16/17","2016-11-25","8"
"173","Melbourne Victory","Newcastle Jets","Hyundai A-League R8","AAMI Park",18267,"16/17","2016-11-26","8"
"174","Sydney FC","Adelaide United","Hyundai A-League R8","Allianz Stadium",13179,"16/17","2016-11-26","8"
"175","Melbourne City","Wellington Phoenix","Hyundai A-League R8","AAMI Park",10644,"16/17","2016-11-27","8"
"176","Melbourne Victory","Perth Glory","Hyundai A-League R9","AAMI Park",16017,"16/17","2016-12-02","9"
"177","Central Coast Mariners","Western Sydney Wanderers","Hyundai A-League R9","Central Coast Stadium",11075,"16/17","2016-12-03","9"
"178","Melbourne City","Brisbane Roar","Hyundai A-League R9","AAMI Park",8394,"16/17","2016-12-03","9"
"179","Newcastle Jets","Sydney FC","Hyundai A-League R9","McDonald Jones Stadium",8473,"16/17","2016-12-04","9"
"180","Adelaide United","Wellington Phoenix","Hyundai A-League R9","Coopers Stadium",8539,"16/17","2016-12-04","9"
"181","Sydney FC","Melbourne City","Hyundai A-League R10","ANZ Stadium",14688,"16/17","2016-12-09","10"
"182","Wellington Phoenix","Central Coast Mariners","Hyundai A-League R10","FMG Stadium",5234,"16/17","2016-12-10","10"
"183","Western Sydney Wanderers","Melbourne Victory","Hyundai A-League R10","ANZ Stadium",16231,"16/17","2016-12-10","10"
"184","Perth Glory","Newcastle Jets","Hyundai A-League R10","HBF Park",9202,"16/17","2016-12-10","10"
"185","Brisbane Roar","Adelaide United","Hyundai A-League R10","Suncorp Stadium",15605,"16/17","2016-12-11","10"
"186","Newcastle Jets","Adelaide United","Hyundai A-League R11","McDonald Jones Stadium",5642,"16/17","2016-12-16","11"
"187","Wellington Phoenix","Western Sydney Wanderers","Hyundai A-League R11","Mt Smart Stadium",5702,"16/17","2016-12-17","11"
"188","Melbourne City","Melbourne Victory","Hyundai A-League R11","AAMI Park",24706,"16/17","2016-12-17","11"
"189","Perth Glory","Sydney FC","Hyundai A-League R11","HBF Park",9119,"16/17","2016-12-17","11"
"190","Central Coast Mariners","Brisbane Roar","Hyundai A-League R11","Central Coast Stadium",6063,"16/17","2016-12-18","11"
"191","Brisbane Roar","Western Sydney Wanderers","Hyundai A-League R12","Suncorp Stadium",13110,"16/17","2016-12-23","12"
"192","Newcastle Jets","Wellington Phoenix","Hyundai A-League R12","McDonald Jones Stadium",8451,"16/17","2016-12-26","12"
"193","Adelaide United","Sydney FC","Hyundai A-League R12","Coopers Stadium",11805,"16/17","2016-12-26","12"
"194","Melbourne City","Perth Glory","Hyundai A-League R12","AAMI Park",11269,"16/17","2016-12-27","12"
"195","Melbourne Victory","Central Coast Mariners","Hyundai A-League R12","AAMI Park",20491,"16/17","2016-12-28","12"
"196","Sydney FC","Brisbane Roar","Hyundai A-League R13","Allianz Stadium",16510,"16/17","2016-12-30","13"
"197","Central Coast Mariners","Melbourne City","Hyundai A-League R13","Central Coast Stadium",11184,"16/17","2016-12-31","13"
"198","Western Sydney Wanderers","Perth Glory","Hyundai A-League R13","ANZ Stadium",12203,"16/17","2017-01-01","13"
"199","Wellington Phoenix","Adelaide United","Hyundai A-League R13","Westpac Stadium",5548,"16/17","2017-01-01","13"
"200","Melbourne Victory","Newcastle Jets","Hyundai A-League R13","GMHBA Stadium",14081,"16/17","2017-01-02","13"
"201","Perth Glory","Wellington Phoenix","Hyundai A-League R14","HBF Park",9210,"16/17","2017-01-05","14"
"202","Melbourne City","Western Sydney Wanderers","Hyundai A-League R14","AAMI Park",10731,"16/17","2017-01-06","14"
"203","Brisbane Roar","Newcastle Jets","Hyundai A-League R14","Suncorp Stadium",14470,"16/17","2017-01-07","14"
"204","Adelaide United","Melbourne Victory","Hyundai A-League R14","Coopers Stadium",10036,"16/17","2017-01-07","14"
"205","Central Coast Mariners","Sydney FC","Hyundai A-League R14","Central Coast Stadium",11398,"16/17","2017-01-08","14"
"206","Adelaide United","Melbourne City","Hyundai A-League R15","Coopers Stadium",10607,"16/17","2017-01-12","15"
"207","Melbourne Victory","Brisbane Roar","Hyundai A-League R15","AAMI Park",21103,"16/17","2017-01-13","15"
"208","Wellington Phoenix","Central Coast Mariners","Hyundai A-League R15","Westpac Stadium",6061,"16/17","2017-01-14","15"
"209","Sydney FC","Western Sydney Wanderers","Hyundai A-League R15","Allianz Stadium",40143,"16/17","2017-01-14","15"
"210","Newcastle Jets","Perth Glory","Hyundai A-League R15","McDonald Jones Stadium",9174,"16/17","2017-01-15","15"
"211","Melbourne City","Central Coast Mariners","Hyundai A-League R16","AAMI Park",8784,"16/17","2017-01-19","16"
"212","Sydney FC","Adelaide United","Hyundai A-League R16","Allianz Stadium",11255,"16/17","2017-01-20","16"
"213","Wellington Phoenix","Brisbane Roar","Hyundai A-League R16","Westpac Stadium",6449,"16/17","2017-01-21","16"
"214","Perth Glory","Melbourne Victory","Hyundai A-League R16","HBF Park",11271,"16/17","2017-01-21","16"
"215","Western Sydney Wanderers","Newcastle Jets","Hyundai A-League R16","Campbelltown Stadium",9477,"16/17","2017-01-22","16"
"216","Melbourne Victory","Sydney FC","Hyundai A-League R17","Etihad Stadium",30262,"16/17","2017-01-26","17"
"217","Newcastle Jets","Melbourne City","Hyundai A-League R17","Coffs International Stadium",7891,"16/17","2017-01-27","17"
"218","Central Coast Mariners","Perth Glory","Hyundai A-League R17","Central Coast Stadium",7205,"16/17","2017-01-28","17"
"219","Brisbane Roar","Western Sydney Wanderers","Hyundai A-League R17","Suncorp Stadium",13058,"16/17","2017-01-28","17"
"220","Adelaide United","Wellington Phoenix","Hyundai A-League R17","Coopers Stadium",8313,"16/17","2017-01-29","17"
"221","Brisbane Roar","Sydney FC","Hyundai A-League R18","Suncorp Stadium",13095,"16/17","2017-02-03","18"
"222","Wellington Phoenix","Western Sydney Wanderers","Hyundai A-League R18","Yarrow Stadium",5185,"16/17","2017-02-04","18"
"223","Melbourne Victory","Melbourne City","Hyundai A-League R18","Marvel Stadium",35426,"16/17","2017-02-04","18"
"224","Perth Glory","Newcastle Jets","Hyundai A-League R18","HBF Park",12903,"16/17","2017-02-04","18"
"225","Central Coast Mariners","Adelaide United","Hyundai A-League R18","GIO Stadium",5072,"16/17","2017-02-05","18"
"226","Sydney FC","Wellington Phoenix","Hyundai A-League R19","Allianz Stadium",8380,"16/17","2017-02-09","19"
"227","Adelaide United","Perth Glory","Hyundai A-League R19","Coopers Stadium",6006,"16/17","2017-02-10","19"
"228","Newcastle Jets","Melbourne Victory","Hyundai A-League R19","McDonald Jones Stadium",6233,"16/17","2017-02-13","19"
"229","Melbourne City","Brisbane Roar","Hyundai A-League R19","AAMI Park",7914,"16/17","2017-02-11","19"
"230","Western Sydney Wanderers","Central Coast Mariners","Hyundai A-League R19","Spotless Stadium",9618,"16/17","2017-02-12","19"
"231","Adelaide United","Newcastle Jets","Hyundai A-League R20","Coopers Stadium",6642,"16/17","2017-02-17","20"
"232","Wellington Phoenix","Melbourne City","Hyundai A-League R20","Westpac Stadium",6131,"16/17","2017-02-18","20"
"233","Western Sydney Wanderers","Sydney FC","Hyundai A-League R20","ANZ Stadium",44843,"16/17","2017-02-18","20"
"234","Perth Glory","Brisbane Roar","Hyundai A-League R20","HBF Park",10762,"16/17","2017-02-18","20"
"235","Central Coast Mariners","Melbourne Victory","Hyundai A-League R20","Central Coast Stadium",7013,"16/17","2017-02-19","20"
"236","Melbourne City","Sydney FC","Hyundai A-League R21","AAMI Park",10706,"16/17","2017-02-24","21"
"237","Newcastle Jets","Central Coast Mariners","Hyundai A-League R21","McDonald Jones Stadium",9423,"16/17","2017-02-26","21"
"238","Melbourne Victory","Adelaide United","Hyundai A-League R21","AAMI Park",19035,"16/17","2017-02-25","21"
"239","Perth Glory","Western Sydney Wanderers","Hyundai A-League R21","HBF Park",9789,"16/17","2017-02-25","21"
"240","Brisbane Roar","Wellington Phoenix","Hyundai A-League R21","Suncorp Stadium",10723,"16/17","2017-02-25","21"
"241","Newcastle Jets","Brisbane Roar","Hyundai A-League R22","McDonald Jones Stadium",7122,"16/17","2017-03-05","22"
"242","Wellington Phoenix","Perth Glory","Hyundai A-League R22","QBE Stadium",6285,"16/17","2017-03-04","22"
"243","Western Sydney Wanderers","Adelaide United","Hyundai A-League R22","Spotless Stadium",8965,"16/17","2017-03-04","22"
"244","Central Coast Mariners","Melbourne City","Hyundai A-League R22","Central Coast Stadium",5974,"16/17","2017-03-05","22"
"245","Sydney FC","Melbourne Victory","Hyundai A-League R22","Allianz Stadium",13310,"16/17","2017-03-03","22"
"246","Sydney FC","Central Coast Mariners","Hyundai A-League R23","Allianz Stadium",11148,"16/17","2017-03-10","23"
"247","Melbourne Victory","Perth Glory","Hyundai A-League R23","AAMI Park",16814,"16/17","2017-03-11","23"
"248","Melbourne City","Newcastle Jets","Hyundai A-League R23","AAMI Park",8949,"16/17","2017-03-18","23"
"249","Adelaide United","Brisbane Roar","Hyundai A-League R23","Coopers Stadium",7197,"16/17","2017-03-19","23"
"250","Western Sydney Wanderers","Wellington Phoenix","Hyundai A-League R23","Spotless Stadium",7828,"16/17","2017-03-19","23"
"251","Western Sydney Wanderers","Melbourne City","Hyundai A-League R24","Spotless Stadium",10204,"16/17","2017-03-24","24"
"252","Central Coast Mariners","Adelaide United","Hyundai A-League R24","Central Coast Stadium",5438,"16/17","2017-03-25","24"
"253","Brisbane Roar","Melbourne Victory","Hyundai A-League R24","Suncorp Stadium",13576,"16/17","2017-03-25","24"
"254","Wellington Phoenix","Newcastle Jets","Hyundai A-League R24","Westpac Stadium",4828,"16/17","2017-03-26","24"
"255","Perth Glory","Sydney FC","Hyundai A-League R24","HBF Park",10097,"16/17","2017-03-26","24"
"256","Adelaide United","Perth Glory","Hyundai A-League R25","Coopers Stadium",7307,"16/17","2017-03-31","25"
"257","Newcastle Jets","Western Sydney Wanderers","Hyundai A-League R25","McDonald Jones Stadium",9380,"16/17","2017-04-01","25"
"258","Sydney FC","Melbourne City","Hyundai A-League R25","Allianz Stadium",15266,"16/17","2017-04-01","25"
"259","Melbourne Victory","Wellington Phoenix","Hyundai A-League R25","AAMI Park",17011,"16/17","2017-04-02","25"
"260","Brisbane Roar","Central Coast Mariners","Hyundai A-League R25","Suncorp Stadium",8113,"16/17","2017-04-02","25"
"261","Melbourne City","Adelaide United","Hyundai A-League R26","AAMI Park",9238,"16/17","2017-04-07","26"
"262","Wellington Phoenix","Sydney FC","Hyundai A-League R26","Westpac Stadium",6610,"16/17","2017-04-08","26"
"263","Western Sydney Wanderers","Melbourne Victory","Hyundai A-League R26","ANZ Stadium",16345,"16/17","2017-04-08","26"
"264","Perth Glory","Brisbane Roar","Hyundai A-League R26","HBF Park",8834,"16/17","2017-04-08","26"
"265","Central Coast Mariners","Newcastle Jets","Hyundai A-League R26","Central Coast Stadium",8073,"16/17","2017-04-09","26"
"266","Melbourne Victory","Central Coast Mariners","Hyundai A-League R27","AAMI Park",14827,"16/17","2017-04-14","27"
"267","Sydney FC","Newcastle Jets","Hyundai A-League R27","Allianz Stadium",15787,"16/17","2017-04-15","27"
"268","Adelaide United","Western Sydney Wanderers","Hyundai A-League R27","Coopers Stadium",7636,"16/17","2017-04-15","27"
"269","Brisbane Roar","Wellington Phoenix","Hyundai A-League R27","Suncorp Stadium",12098,"16/17","2017-04-16","27"
"270","Perth Glory","Melbourne City","Hyundai A-League R27","HBF Park",12621,"16/17","2017-04-16","27"
"271","Western Sydney Wanderers","Brisbane Roar","Hyundai A-League R1","Pirtek Stadium",14122,"15/16","2015-10-08","1"
"272","Adelaide United","Melbourne Victory","Hyundai A-League R1","Adelaide Oval",19079,"15/16","2015-10-09","1"
"273","Central Coast Mariners","Perth Glory","Hyundai A-League R1","Central Coast Stadium",8073,"15/16","2015-10-10","1"
"274","Sydney FC","Melbourne City","Hyundai A-League R1","Allianz Stadium",17051,"15/16","2015-10-10","1"
"275","Wellington Phoenix","Newcastle Jets","Hyundai A-League R1","Westpac Stadium",6255,"15/16","2015-10-11","1"
"276","Adelaide United","Western Sydney Wanderers","Hyundai A-League R2","Coopers Stadium",9442,"15/16","2015-10-16","2"
"277","Newcastle Jets","Sydney FC","Hyundai A-League R2","McDonald Jones Stadium",12713,"15/16","2015-10-17","2"
"278","Melbourne Victory","Melbourne City","Hyundai A-League R2","Marvel Stadium",40217,"15/16","2015-10-17","2"
"279","Brisbane Roar","Central Coast Mariners","Hyundai A-League R2","Suncorp Stadium",14471,"15/16","2015-10-18","2"
"280","Perth Glory","Wellington Phoenix","Hyundai A-League R2","HBF Park",8145,"15/16","2015-10-18","2"
"281","Wellington Phoenix","Brisbane Roar","Hyundai A-League R3","Westpac Stadium",6103,"15/16","2015-10-24","3"
"282","Sydney FC","Western Sydney Wanderers","Hyundai A-League R3","Allianz Stadium",40539,"15/16","2015-10-24","3"
"283","Melbourne City","Central Coast Mariners","Hyundai A-League R3","AAMI Park",8408,"15/16","2015-10-25","3"
"284","Perth Glory","Adelaide United","Hyundai A-League R3","HBF Park",7728,"15/16","2015-10-25","3"
"285","Melbourne City","Newcastle Jets","Hyundai A-League R4","AAMI Park",7209,"15/16","2015-10-30","4"
"286","Central Coast Mariners","Sydney FC","Hyundai A-League R4","Central Coast Stadium",10030,"15/16","2015-10-31","4"
"287","Brisbane Roar","Adelaide United","Hyundai A-League R4","Suncorp Stadium",10707,"15/16","2015-10-31","4"
"288","Western Sydney Wanderers","Perth Glory","Hyundai A-League R4","Pirtek Stadium",14194,"15/16","2015-11-01","4"
"289","Melbourne Victory","Wellington Phoenix","Hyundai A-League R4","Marvel Stadium",24934,"15/16","2015-11-02","4"
"290","Adelaide United","Melbourne City","Hyundai A-League R5","Coopers Stadium",8632,"15/16","2015-11-05","5"
"291","Sydney FC","Brisbane Roar","Hyundai A-League R5","Allianz Stadium",12857,"15/16","2015-11-06","5"
"292","Newcastle Jets","Western Sydney Wanderers","Hyundai A-League R5","McDonald Jones Stadium",14886,"15/16","2015-11-07","5"
"293","Central Coast Mariners","Wellington Phoenix","Hyundai A-League R5","Central Coast Stadium",6460,"15/16","2015-11-08","5"
"294","Perth Glory","Melbourne Victory","Hyundai A-League R5","HBF Park",5398,"15/16","2015-12-16","5"
"295","Wellington Phoenix","Adelaide United","Hyundai A-League R6","Westpac Stadium",13654,"15/16","2015-11-13","6"
"296","Melbourne City","Western Sydney Wanderers","Hyundai A-League R6","AAMI Park",7910,"15/16","2015-11-13","6"
"297","Newcastle Jets","Central Coast Mariners","Hyundai A-League R6","McDonald Jones Stadium",9422,"15/16","2015-11-14","6"
"298","Sydney FC","Melbourne Victory","Hyundai A-League R6","Allianz Stadium",15947,"15/16","2015-11-14","6"
"299","Brisbane Roar","Perth Glory","Hyundai A-League R6","Suncorp Stadium",11748,"15/16","2015-11-15","6"
"300","Melbourne Victory","Central Coast Mariners","Hyundai A-League R7","AAMI Park",16669,"15/16","2015-11-19","7"
"301","Brisbane Roar","Melbourne City","Hyundai A-League R7","Suncorp Stadium",10812,"15/16","2015-11-20","7"
"302","Western Sydney Wanderers","Wellington Phoenix","Hyundai A-League R7","Pirtek Stadium",14426,"15/16","2015-11-21","7"
"303","Perth Glory","Sydney FC","Hyundai A-League R7","HBF Park",6976,"15/16","2015-11-21","7"
"304","Adelaide United","Newcastle Jets","Hyundai A-League R7","Coopers Stadium",10048,"15/16","2015-11-22","7"
"305","Sydney FC","Wellington Phoenix","Hyundai A-League R8","Allianz Stadium",9253,"15/16","2015-11-26","8"
"306","Melbourne City","Perth Glory","Hyundai A-League R8","AAMI Park",5943,"15/16","2015-11-27","8"
"307","Newcastle Jets","Brisbane Roar","Hyundai A-League R8","McDonald Jones Stadium",10115,"15/16","2015-11-28","8"
"308","Melbourne Victory","Adelaide United","Hyundai A-League R8","Marvel Stadium",23415,"15/16","2015-11-28","8"
"309","Central Coast Mariners","Western Sydney Wanderers","Hyundai A-League R8","Central Coast Stadium",10519,"15/16","2015-11-29","8"
"310","Central Coast Mariners","Melbourne City","Hyundai A-League R9","Central Coast Stadium",4514,"15/16","2015-12-03","9"
"311","Sydney FC","Newcastle Jets","Hyundai A-League R9","Allianz Stadium",9155,"15/16","2015-12-04","9"
"312","Wellington Phoenix","Melbourne Victory","Hyundai A-League R9","QBE Stadium",10852,"15/16","2015-12-05","9"
"313","Western Sydney Wanderers","Brisbane Roar","Hyundai A-League R9","Pirtek Stadium",9860,"15/16","2015-12-05","9"
"314","Brisbane Roar","Wellington Phoenix","Hyundai A-League R10","Cazaly's Stadium",5162,"15/16","2015-12-12","10"
"315","Western Sydney Wanderers","Melbourne Victory","Hyundai A-League R10","Pirtek Stadium",17073,"15/16","2015-12-12","10"
"316","Perth Glory","Central Coast Mariners","Hyundai A-League R10","HBF Park",5590,"15/16","2015-12-12","10"
"317","Newcastle Jets","Melbourne City","Hyundai A-League R10","McDonald Jones Stadium",10087,"15/16","2015-12-13","10"
"318","Newcastle Jets","Adelaide United","Hyundai A-League R11","McDonald Jones Stadium",7332,"15/16","2015-12-18","11"
"319","Wellington Phoenix","Sydney FC","Hyundai A-League R11","Westpac Stadium",10027,"15/16","2015-12-19","11"
"320","Melbourne City","Melbourne Victory","Hyundai A-League R11","AAMI Park",23572,"15/16","2015-12-19","11"
"321","Central Coast Mariners","Brisbane Roar","Hyundai A-League R11","Central Coast Stadium",5124,"15/16","2015-12-20","11"
"322","Western Sydney Wanderers","Newcastle Jets","Hyundai A-League R12","Pirtek Stadium",10141,"15/16","2015-12-24","12"
"323","Adelaide United","Wellington Phoenix","Hyundai A-League R12","Coopers Stadium",11655,"15/16","2015-12-26","12"
"324","Sydney FC","Central Coast Mariners","Hyundai A-League R12","Allianz Stadium",12648,"15/16","2015-12-26","12"
"325","Melbourne Victory","Perth Glory","Hyundai A-League R12","AAMI Park",22544,"15/16","2015-12-27","12"
"326","Brisbane Roar","Melbourne City","Hyundai A-League R12","Suncorp Stadium",16435,"15/16","2015-12-27","12"
"327","Central Coast Mariners","Wellington Phoenix","Hyundai A-League R13","Central Coast Stadium",10073,"15/16","2015-12-31","13"
"328","Western Sydney Wanderers","Adelaide United","Hyundai A-League R13","Pirtek Stadium",16312,"15/16","2016-01-01","13"
"329","Brisbane Roar","Perth Glory","Hyundai A-League R13","Suncorp Stadium",17696,"15/16","2016-01-02","13"
"330","Melbourne City","Sydney FC","Hyundai A-League R13","AAMI Park",10140,"15/16","2016-01-02","13"
"331","Newcastle Jets","Melbourne Victory","Hyundai A-League R13","McDonald Jones Stadium",8864,"15/16","2016-01-03","13"
"332","Central Coast Mariners","Melbourne Victory","Hyundai A-League R14","GMHBA Stadium",14268,"15/16","2016-01-08","14"
"333","Sydney FC","Newcastle Jets","Hyundai A-League R14","ANZ Stadium",15127,"15/16","2016-01-09","14"
"334","Melbourne City","Western Sydney Wanderers","Hyundai A-League R14","AAMI Park",9776,"15/16","2016-01-09","14"
"335","Perth Glory","Adelaide United","Hyundai A-League R14","HBF Park",9009,"15/16","2016-01-09","14"
"336","Wellington Phoenix","Brisbane Roar","Hyundai A-League R14","Westpac Stadium",7774,"15/16","2016-01-10","14"
"337","Melbourne Victory","Brisbane Roar","Hyundai A-League R15","AAMI Park",23207,"15/16","2016-01-15","15"
"338","Adelaide United","Central Coast Mariners","Hyundai A-League R15","Coopers Stadium",11125,"15/16","2016-01-16","15"
"339","Western Sydney Wanderers","Sydney FC","Hyundai A-League R15","Pirtek Stadium",19627,"15/16","2016-01-16","15"
"340","Perth Glory","Melbourne City","Hyundai A-League R15","HBF Park",7021,"15/16","2016-01-16","15"
"341","Newcastle Jets","Wellington Phoenix","Hyundai A-League R15","McDonald Jones Stadium",7595,"15/16","2016-01-17","15"
"342","Brisbane Roar","Adelaide United","Hyundai A-League R16","Suncorp Stadium",12923,"15/16","2016-01-22","16"
"343","Central Coast Mariners","Western Sydney Wanderers","Hyundai A-League R16","Central Coast Stadium",13105,"15/16","2016-01-23","16"
"344","Newcastle Jets","Perth Glory","Hyundai A-League R16","McDonald Jones Stadium",9403,"15/16","2016-01-24","16"
"345","Melbourne City","Wellington Phoenix","Hyundai A-League R16","AAMI Park",10825,"15/16","2016-01-25","16"
"346","Melbourne Victory","Sydney FC","Hyundai A-League R16","Marvel Stadium",30493,"15/16","2016-01-26","16"
"347","Western Sydney Wanderers","Melbourne City","Hyundai A-League R17","Pirtek Stadium",14820,"15/16","2016-01-29","17"
"348","Wellington Phoenix","Central Coast Mariners","Hyundai A-League R17","AMI Stadium, Christchurch",8545,"15/16","2016-01-30","17"
"349","Sydney FC","Brisbane Roar","Hyundai A-League R17","Allianz Stadium",12548,"15/16","2016-01-30","17"
"350","Perth Glory","Melbourne Victory","Hyundai A-League R17","HBF Park",10501,"15/16","2016-01-30","17"
"351","Adelaide United","Newcastle Jets","Hyundai A-League R17","Coopers Stadium",12434,"15/16","2016-01-31","17"
"352","Adelaide United","Sydney FC","Hyundai A-League R18","Coopers Stadium",11785,"15/16","2016-02-05","18"
"353","Brisbane Roar","Central Coast Mariners","Hyundai A-League R18","Suncorp Stadium",11788,"15/16","2016-02-06","18"
"354","Melbourne Victory","Western Sydney Wanderers","Hyundai A-League R18","Marvel Stadium",25445,"15/16","2016-02-06","18"
"355","Wellington Phoenix","Perth Glory","Hyundai A-League R18","Westpac Stadium",7135,"15/16","2016-02-07","18"
"356","Newcastle Jets","Melbourne City","Hyundai A-League R18","McDonald Jones Stadium",7266,"15/16","2016-02-07","18"
"357","Brisbane Roar","Newcastle Jets","Hyundai A-League R19","Suncorp Stadium",9382,"15/16","2016-02-12","19"
"358","Sydney FC","Perth Glory","Hyundai A-League R19","Allianz Stadium",11559,"15/16","2016-02-13","19"
"359","Melbourne City","Melbourne Victory","Hyundai A-League R19","AAMI Park",25738,"15/16","2016-02-13","19"
"360","Central Coast Mariners","Adelaide United","Hyundai A-League R19","Central Coast Stadium",5096,"15/16","2016-02-14","19"
"361","Western Sydney Wanderers","Wellington Phoenix","Hyundai A-League R19","Pirtek Stadium",12589,"15/16","2016-02-14","19"
"362","Melbourne Victory","Adelaide United","Hyundai A-League R20","AAMI Park",18924,"15/16","2016-02-19","20"
"363","Newcastle Jets","Wellington Phoenix","Hyundai A-League R20","McDonald Jones Stadium",7120,"15/16","2016-02-20","20"
"364","Sydney FC","Western Sydney Wanderers","Hyundai A-League R20","Allianz Stadium",40382,"15/16","2016-02-20","20"
"365","Perth Glory","Brisbane Roar","Hyundai A-League R20","HBF Park",12156,"15/16","2016-02-20","20"
"366","Melbourne City","Central Coast Mariners","Hyundai A-League R20","AAMI Park",7535,"15/16","2016-02-21","20"
"367","Wellington Phoenix","Melbourne City","Hyundai A-League R21","Westpac Stadium",6591,"15/16","2016-02-26","21"
"368","Western Sydney Wanderers","Perth Glory","Hyundai A-League R21","Pirtek Stadium",12639,"15/16","2016-02-26","21"
"369","Adelaide United","Brisbane Roar","Hyundai A-League R21","Coopers Stadium",12712,"15/16","2016-02-27","21"
"370","Melbourne Victory","Sydney FC","Hyundai A-League R21","AAMI Park",20112,"15/16","2016-02-27","21"
"371","Central Coast Mariners","Newcastle Jets","Hyundai A-League R21","Central Coast Stadium",7528,"15/16","2016-02-28","21"
"372","Brisbane Roar","Western Sydney Wanderers","Hyundai A-League R22","Suncorp Stadium",13157,"15/16","2016-03-04","22"
"373","Wellington Phoenix","Adelaide United","Hyundai A-League R22","Westpac Stadium",6595,"15/16","2016-03-05","22"
"374","Melbourne City","Sydney FC","Hyundai A-League R22","AAMI Park",8585,"15/16","2016-03-05","22"
"375","Central Coast Mariners","Melbourne Victory","Hyundai A-League R22","Central Coast Stadium",5032,"15/16","2016-03-06","22"
"376","Perth Glory","Newcastle Jets","Hyundai A-League R22","HBF Park",11260,"15/16","2016-03-07","22"
"377","Adelaide United","Melbourne City","Hyundai A-League R23","Coopers Stadium",14274,"15/16","2016-03-11","23"
"378","Sydney FC","Wellington Phoenix","Hyundai A-League R23","Allianz Stadium",10235,"15/16","2016-03-12","23"
"379","Brisbane Roar","Melbourne Victory","Hyundai A-League R23","Suncorp Stadium",15892,"15/16","2016-03-12","23"
"380","Perth Glory","Central Coast Mariners","Hyundai A-League R23","HBF Park",11127,"15/16","2016-03-12","23"
"381","Newcastle Jets","Western Sydney Wanderers","Hyundai A-League R23","McDonald Jones Stadium",12153,"15/16","2016-03-13","23"
"382","Melbourne City","Brisbane Roar","Hyundai A-League R24","AAMI Park",7658,"15/16","2016-03-18","24"
"383","Central Coast Mariners","Sydney FC","Hyundai A-League R24","Central Coast Stadium",6383,"15/16","2016-03-19","24"
"384","Western Sydney Wanderers","Adelaide United","Hyundai A-League R24","Pirtek Stadium",15208,"15/16","2016-03-19","24"
"385","Wellington Phoenix","Perth Glory","Hyundai A-League R24","Westpac Stadium",5844,"15/16","2016-03-20","24"
"386","Melbourne Victory","Newcastle Jets","Hyundai A-League R24","AAMI Park",14383,"15/16","2016-03-20","24"
"387","Melbourne Victory","Western Sydney Wanderers","Hyundai A-League R25","AAMI Park",20097,"15/16","2016-03-25","25"
"388","Newcastle Jets","Perth Glory","Hyundai A-League R25","McDonald Jones Stadium",7569,"15/16","2016-03-26","25"
"389","Brisbane Roar","Sydney FC","Hyundai A-League R25","Suncorp Stadium",14897,"15/16","2016-03-26","25"
"390","Adelaide United","Central Coast Mariners","Hyundai A-League R25","Coopers Stadium",10269,"15/16","2016-03-27","25"
"391","Melbourne City","Wellington Phoenix","Hyundai A-League R25","AAMI Park",9895,"15/16","2016-03-28","25"
"392","Western Sydney Wanderers","Central Coast Mariners","Hyundai A-League R26","Pirtek Stadium",14855,"15/16","2016-04-01","26"
"393","Wellington Phoenix","Melbourne Victory","Hyundai A-League R26","Westpac Stadium",5103,"15/16","2016-04-02","26"
"394","Sydney FC","Adelaide United","Hyundai A-League R26","Allianz Stadium",8981,"15/16","2016-04-02","26"
"395","Brisbane Roar","Newcastle Jets","Hyundai A-League R26","Suncorp Stadium",14825,"15/16","2016-04-03","26"
"396","Perth Glory","Melbourne City","Hyundai A-League R26","HBF Park",14504,"15/16","2016-04-03","26"
"397","Melbourne City","Adelaide United","Hyundai A-League R27","AAMI Park",11454,"15/16","2016-04-08","27"
"398","Central Coast Mariners","Newcastle Jets","Hyundai A-League R27","Central Coast Stadium",7355,"15/16","2016-04-09","27"
"399","Melbourne Victory","Brisbane Roar","Hyundai A-League R27","AAMI Park",20012,"15/16","2016-04-09","27"
"400","Wellington Phoenix","Western Sydney Wanderers","Hyundai A-League R27","Westpac Stadium",10143,"15/16","2016-04-10","27"
"401","Sydney FC","Perth Glory","Hyundai A-League R27","Allianz Stadium",8717,"15/16","2016-04-10","27"
"402","Melbourne Victory","Western Sydney Wanderers","Hyundai A-League R1","Marvel Stadium",30083,"14/15","2014-10-10","1"
"403","Central Coast Mariners","Newcastle Jets","Hyundai A-League R1","Central Coast Stadium",10443,"14/15","2014-10-11","1"
"404","Sydney FC","Melbourne City","Hyundai A-League R1","Allianz Stadium",25525,"14/15","2014-10-11","1"
"405","Wellington Phoenix","Perth Glory","Hyundai A-League R1","Westpac Stadium",7767,"14/15","2014-10-12","1"
"406","Brisbane Roar","Adelaide United","Hyundai A-League R1","Suncorp Stadium",16195,"14/15","2014-10-12","1"
"407","Adelaide United","Melbourne Victory","Hyundai A-League R2","Adelaide Oval",33126,"14/15","2014-10-17","2"
"408","Central Coast Mariners","Wellington Phoenix","Hyundai A-League R2","Central Coast Stadium",7237,"14/15","2014-10-18","2"
"409","Sydney FC","Western Sydney Wanderers","Hyundai A-League R2","Allianz Stadium",41213,"14/15","2014-10-18","2"
"410","Melbourne City","Newcastle Jets","Hyundai A-League R2","AAMI Park",15717,"14/15","2014-10-19","2"
"411","Perth Glory","Brisbane Roar","Hyundai A-League R2","HBF Park",8789,"14/15","2014-10-19","2"
"412","Brisbane Roar","Sydney FC","Hyundai A-League R3","Suncorp Stadium",14141,"14/15","2014-10-24","3"
"413","Western Sydney Wanderers","Central Coast Mariners","Hyundai A-League R3","Pirtek Stadium",14691,"14/15","2014-11-19","3"
"414","Melbourne Victory","Melbourne City","Hyundai A-League R3","Marvel Stadium",43729,"14/15","2014-10-25","3"
"415","Wellington Phoenix","Newcastle Jets","Hyundai A-League R3","Westpac Stadium",7802,"14/15","2014-10-26","3"
"416","Adelaide United","Perth Glory","Hyundai A-League R3","Coopers Stadium",11473,"14/15","2014-10-26","3"
"417","Melbourne City","Adelaide United","Hyundai A-League R4","AAMI Park",13083,"14/15","2014-10-31","4"
"418","Perth Glory","Newcastle Jets","Hyundai A-League R4","HBF Park",8624,"14/15","2014-11-01","4"
"419","Western Sydney Wanderers","Brisbane Roar","Hyundai A-League R4","Pirtek Stadium",10252,"14/15","2014-12-03","4"
"420","Sydney FC","Central Coast Mariners","Hyundai A-League R4","Allianz Stadium",17761,"14/15","2014-11-02","4"
"421","Melbourne Victory","Wellington Phoenix","Hyundai A-League R4","AAMI Park",23827,"14/15","2014-11-03","4"
"422","Wellington Phoenix","Western Sydney Wanderers","Hyundai A-League R5","Westpac Stadium",7008,"14/15","2014-11-07","5"
"423","Adelaide United","Sydney FC","Hyundai A-League R5","Coopers Stadium",16015,"14/15","2014-11-07","5"
"424","Newcastle Jets","Melbourne Victory","Hyundai A-League R5","McDonald Jones Stadium",11884,"14/15","2014-11-08","5"
"425","Brisbane Roar","Melbourne City","Hyundai A-League R5","Suncorp Stadium",17131,"14/15","2014-11-08","5"
"426","Central Coast Mariners","Perth Glory","Hyundai A-League R5","Central Coast Stadium",6399,"14/15","2014-11-09","5"
"427","Newcastle Jets","Brisbane Roar","Hyundai A-League R6","McDonald Jones Stadium",10216,"14/15","2014-11-14","6"
"428","Adelaide United","Wellington Phoenix","Hyundai A-League R6","Coopers Stadium",9726,"14/15","2014-11-15","6"
"429","Sydney FC","Melbourne Victory","Hyundai A-League R6","Allianz Stadium",21242,"14/15","2014-11-15","6"
"430","Perth Glory","Western Sydney Wanderers","Hyundai A-League R6","HBF Park",12166,"14/15","2014-11-15","6"
"431","Melbourne City","Central Coast Mariners","Hyundai A-League R6","AAMI Park",9402,"14/15","2014-11-16","6"
"432","Melbourne Victory","Brisbane Roar","Hyundai A-League R7","Marvel Stadium",23740,"14/15","2014-11-21","7"
"433","Western Sydney Wanderers","Newcastle Jets","Hyundai A-League R7","Pirtek Stadium",14136,"14/15","2014-11-22","7"
"434","Melbourne City","Sydney FC","Hyundai A-League R7","AAMI Park",9474,"14/15","2014-11-22","7"
"435","Perth Glory","Wellington Phoenix","Hyundai A-League R7","HBF Park",9223,"14/15","2014-11-21","7"
"436","Central Coast Mariners","Adelaide United","Hyundai A-League R7","Central Coast Stadium",6404,"14/15","2014-11-23","7"
"437","Melbourne Victory","Adelaide United","Hyundai A-League R8","AAMI Park",22334,"14/15","2014-11-28","8"
"438","Brisbane Roar","Perth Glory","Hyundai A-League R8","Suncorp Stadium",13043,"14/15","2014-11-29","8"
"439","Western Sydney Wanderers","Sydney FC","Hyundai A-League R8","Pirtek Stadium",19138,"14/15","2014-11-29","8"
"440","Wellington Phoenix","Melbourne City","Hyundai A-League R8","Westpac Stadium",7410,"14/15","2014-11-30","8"
"441","Newcastle Jets","Central Coast Mariners","Hyundai A-League R8","McDonald Jones Stadium",11031,"14/15","2014-11-30","8"
"442","Brisbane Roar","Newcastle Jets","Hyundai A-League R27","Suncorp Stadium",8693,"14/15","2015-04-24","27"
"443","Sydney FC","Perth Glory","Hyundai A-League R9","Allianz Stadium",11280,"14/15","2014-12-04","9"
"444","Central Coast Mariners","Melbourne Victory","Hyundai A-League R9","North Sydney Oval",7098,"14/15","2014-12-05","9"
"445","Newcastle Jets","Wellington Phoenix","Hyundai A-League R9","McDonald Jones Stadium",9152,"14/15","2014-12-06","9"
"446","Adelaide United","Western Sydney Wanderers","Hyundai A-League R9","Coopers Stadium",12122,"14/15","2014-12-06","9"
"447","Melbourne City","Brisbane Roar","Hyundai A-League R9","AAMI Park",7721,"14/15","2014-12-07","9"
"448","Western Sydney Wanderers","Perth Glory","Hyundai A-League R27","Pirtek Stadium",8852,"14/15","2015-04-25","27"
"449","Adelaide United","Brisbane Roar","Hyundai A-League R10","Coopers Stadium",11241,"14/15","2014-12-12","10"
"450","Perth Glory","Newcastle Jets","Hyundai A-League R10","HBF Park",9233,"14/15","2014-12-12","10"
"451","Wellington Phoenix","Central Coast Mariners","Hyundai A-League R10","Eden Park",11051,"14/15","2014-12-13","10"
"452","Western Sydney Wanderers","Melbourne City","Hyundai A-League R10","Pirtek Stadium",7239,"14/15","2015-03-11","10"
"453","Melbourne Victory","Sydney FC","Hyundai A-League R10","Marvel Stadium",25203,"14/15","2014-12-13","10"
"454","Brisbane Roar","Western Sydney Wanderers","Hyundai A-League R11","Suncorp Stadium",6813,"14/15","2015-03-25","11"
"455","Newcastle Jets","Adelaide United","Hyundai A-League R11","McDonald Jones Stadium",10407,"14/15","2014-12-19","11"
"456","Melbourne City","Melbourne Victory","Hyundai A-League R11","AAMI Park",26372,"14/15","2014-12-20","11"
"457","Perth Glory","Central Coast Mariners","Hyundai A-League R11","HBF Park",9660,"14/15","2014-12-20","11"
"458","Sydney FC","Wellington Phoenix","Hyundai A-League R11","Allianz Stadium",14672,"14/15","2014-12-21","11"
"459","Melbourne City","Perth Glory","Hyundai A-League R12","AAMI Park",9550,"14/15","2014-12-26","12"
"460","Sydney FC","Adelaide United","Hyundai A-League R12","Allianz Stadium",14214,"14/15","2014-12-26","12"
"461","Central Coast Mariners","Brisbane Roar","Hyundai A-League R12","Central Coast Stadium",9932,"14/15","2014-12-27","12"
"462","Melbourne Victory","Newcastle Jets","Hyundai A-League R12","AAMI Park",20801,"14/15","2014-12-27","12"
"463","Wellington Phoenix","Western Sydney Wanderers","Hyundai A-League R12","Westpac Stadium",8606,"14/15","2014-12-28","12"
"464","Newcastle Jets","Melbourne City","Hyundai A-League R13","McDonald Jones Stadium",9935,"14/15","2014-12-30","13"
"465","Brisbane Roar","Sydney FC","Hyundai A-League R13","Suncorp Stadium",15765,"14/15","2014-12-30","13"
"466","Adelaide United","Wellington Phoenix","Hyundai A-League R13","Coopers Stadium",10060,"14/15","2014-12-31","13"
"467","Western Sydney Wanderers","Central Coast Mariners","Hyundai A-League R13","Pirtek Stadium",14137,"14/15","2015-01-01","13"
"468","Melbourne Victory","Perth Glory","Hyundai A-League R13","GMHBA Stadium",21289,"14/15","2015-01-02","13"
"469","Sydney FC","Newcastle Jets","Hyundai A-League R14","WIN Stadium",11733,"14/15","2015-01-03","14"
"470","Wellington Phoenix","Brisbane Roar","Hyundai A-League R14","Westpac Stadium",10267,"14/15","2015-01-04","14"
"471","Central Coast Mariners","Melbourne City","Hyundai A-League R14","Central Coast Stadium",7409,"14/15","2015-01-04","14"
"472","Perth Glory","Adelaide United","Hyundai A-League R14","HBF Park",9699,"14/15","2015-01-05","14"
"473","Western Sydney Wanderers","Melbourne Victory","Hyundai A-League R14","Pirtek Stadium",14619,"14/15","2015-01-06","14"
"474","Wellington Phoenix","Sydney FC","Hyundai A-League R27","Westpac Stadium",13248,"14/15","2015-04-26","27"
"475","Adelaide United","Newcastle Jets","Hyundai A-League R15","Coopers Stadium",10960,"14/15","2015-01-24","15"
"476","Central Coast Mariners","Sydney FC","Hyundai A-League R15","Central Coast Stadium",12102,"14/15","2015-01-24","15"
"477","Perth Glory","Melbourne Victory","Hyundai A-League R15","HBF Park",12271,"14/15","2015-01-25","15"
"478","Brisbane Roar","Wellington Phoenix","Hyundai A-League R15","Suncorp Stadium",9263,"14/15","2015-02-02","15"
"479","Melbourne City","Western Sydney Wanderers","Hyundai A-League R15","AAMI Park",7561,"14/15","2015-02-01","15"
"480","Melbourne Victory","Central Coast Mariners","Hyundai A-League R27","AAMI Park",22285,"14/15","2015-04-26","27"
"481","Newcastle Jets","Brisbane Roar","Hyundai A-League R16","McDonald Jones Stadium",6944,"14/15","2015-02-06","16"
"482","Central Coast Mariners","Adelaide United","Hyundai A-League R16","Central Coast Stadium",4508,"14/15","2015-02-07","16"
"483","Melbourne Victory","Melbourne City","Hyundai A-League R16","Marvel Stadium",40042,"14/15","2015-02-07","16"
"484","Perth Glory","Sydney FC","Hyundai A-League R16","HBF Park",11637,"14/15","2015-02-07","16"
"485","Western Sydney Wanderers","Wellington Phoenix","Hyundai A-League R16","Panthers Stadium",12663,"14/15","2015-02-08","16"
"486","Central Coast Mariners","Brisbane Roar","Hyundai A-League R17","Central Coast Stadium",6021,"14/15","2015-02-13","17"
"487","Wellington Phoenix","Melbourne City","Hyundai A-League R17","Hutt Recreational Ground",9232,"14/15","2015-02-14","17"
"488","Newcastle Jets","Western Sydney Wanderers","Hyundai A-League R17","McDonald Jones Stadium",11019,"14/15","2015-02-14","17"
"489","Sydney FC","Melbourne Victory","Hyundai A-League R17","Allianz Stadium",17356,"14/15","2015-02-14","17"
"490","Adelaide United","Perth Glory","Hyundai A-League R17","Coopers Stadium",9711,"14/15","2015-02-15","17"
"491","Brisbane Roar","Melbourne Victory","Hyundai A-League R18","Suncorp Stadium",10642,"14/15","2015-04-15","18"
"492","Sydney FC","Central Coast Mariners","Hyundai A-League R18","Allianz Stadium",14239,"14/15","2015-02-21","18"
"493","Adelaide United","Western Sydney Wanderers","Hyundai A-League R18","Coopers Stadium",9212,"14/15","2015-02-21","18"
"494","Wellington Phoenix","Newcastle Jets","Hyundai A-League R18","Hutt Recreational Ground",8437,"14/15","2015-02-22","18"
"495","Melbourne City","Perth Glory","Hyundai A-League R18","AAMI Park",6486,"14/15","2015-02-22","18"
"496","Melbourne City","Adelaide United","Hyundai A-League R19","AAMI Park",7345,"14/15","2015-02-27","19"
"497","Newcastle Jets","Central Coast Mariners","Hyundai A-League R19","McDonald Jones Stadium",7991,"14/15","2015-02-28","19"
"498","Western Sydney Wanderers","Sydney FC","Hyundai A-League R19","Pirtek Stadium",19484,"14/15","2015-02-28","19"
"499","Perth Glory","Brisbane Roar","Hyundai A-League R19","HBF Park",10422,"14/15","2015-02-28","19"
"500","Melbourne Victory","Wellington Phoenix","Hyundai A-League R19","AAMI Park",22096,"14/15","2015-03-01","19"
"501","Newcastle Jets","Sydney FC","Hyundai A-League R20","McDonald Jones Stadium",8783,"14/15","2015-03-06","20"
"502","Wellington Phoenix","Adelaide United","Hyundai A-League R20","Hutt Recreational Ground",7819,"14/15","2015-03-07","20"
"503","Melbourne Victory","Perth Glory","Hyundai A-League R20","AAMI Park",22525,"14/15","2015-03-07","20"
"504","Central Coast Mariners","Melbourne City","Hyundai A-League R20","Central Coast Stadium",6079,"14/15","2015-03-08","20"
"505","Brisbane Roar","Western Sydney Wanderers","Hyundai A-League R20","Suncorp Stadium",12095,"14/15","2015-03-08","20"
"506","Adelaide United","Central Coast Mariners","Hyundai A-League R21","Coopers Stadium",7767,"14/15","2015-03-12","21"
"507","Western Sydney Wanderers","Melbourne Victory","Hyundai A-League R21","Pirtek Stadium",11073,"14/15","2015-03-13","21"
"508","Sydney FC","Brisbane Roar","Hyundai A-League R21","Allianz Stadium",13818,"14/15","2015-03-15","21"
"509","Perth Glory","Wellington Phoenix","Hyundai A-League R21","HBF Park",9178,"14/15","2015-03-14","21"
"510","Melbourne City","Newcastle Jets","Hyundai A-League R21","AAMI Park",5867,"14/15","2015-03-14","21"
"511","Sydney FC","Melbourne City","Hyundai A-League R22","Allianz Stadium",11638,"14/15","2015-03-20","22"
"512","Western Sydney Wanderers","Newcastle Jets","Hyundai A-League R22","Pirtek Stadium",10109,"14/15","2015-03-21","22"
"513","Adelaide United","Melbourne Victory","Hyundai A-League R22","Coopers Stadium",16077,"14/15","2015-03-21","22"
"514","Central Coast Mariners","Perth Glory","Hyundai A-League R22","Central Coast Stadium",5338,"14/15","2015-03-22","22"
"515","Brisbane Roar","Wellington Phoenix","Hyundai A-League R22","Suncorp Stadium",10075,"14/15","2015-03-22","22"
"516","Adelaide United","Melbourne City","Hyundai A-League R27","Coopers Stadium",8773,"14/15","2015-04-25","27"
"517","Melbourne Victory","Central Coast Mariners","Hyundai A-League R23","AAMI Park",18205,"14/15","2015-03-27","23"
"518","Melbourne City","Brisbane Roar","Hyundai A-League R23","AAMI Park",9561,"14/15","2015-03-28","23"
"519","Perth Glory","Western Sydney Wanderers","Hyundai A-League R23","HBF Park",9415,"14/15","2015-03-28","23"
"520","Wellington Phoenix","Sydney FC","Hyundai A-League R23","Westpac Stadium",6236,"14/15","2015-03-29","23"
"521","Newcastle Jets","Adelaide United","Hyundai A-League R23","McDonald Jones Stadium",6888,"14/15","2015-03-29","23"
"522","Brisbane Roar","Central Coast Mariners","Hyundai A-League R24","Suncorp Stadium",6148,"14/15","2015-04-02","24"
"523","Western Sydney Wanderers","Melbourne City","Hyundai A-League R24","Pirtek Stadium",9054,"14/15","2015-04-03","24"
"524","Sydney FC","Adelaide United","Hyundai A-League R24","Allianz Stadium",11585,"14/15","2015-04-04","24"
"525","Wellington Phoenix","Melbourne Victory","Hyundai A-League R24","Westpac Stadium",8417,"14/15","2015-04-05","24"
"526","Newcastle Jets","Perth Glory","Hyundai A-League R24","McDonald Jones Stadium",4162,"14/15","2015-04-06","24"
"527","Melbourne Victory","Newcastle Jets","Hyundai A-League R25","AAMI Park",19277,"14/15","2015-04-10","25"
"528","Perth Glory","Sydney FC","Hyundai A-League R25","HBF Park",7426,"14/15","2015-04-10","25"
"529","Adelaide United","Brisbane Roar","Hyundai A-League R25","Coopers Stadium",10659,"14/15","2015-04-11","25"
"530","Central Coast Mariners","Western Sydney Wanderers","Hyundai A-League R25","Central Coast Stadium",9548,"14/15","2015-04-11","25"
"531","Melbourne City","Wellington Phoenix","Hyundai A-League R25","AAMI Park",6720,"14/15","2015-04-12","25"
"532","Wellington Phoenix","Central Coast Mariners","Hyundai A-League R26","Westpac Stadium",6868,"14/15","2015-04-17","26"
"533","Newcastle Jets","Sydney FC","Hyundai A-League R26","McDonald Jones Stadium",8125,"14/15","2015-04-17","26"
"534","Western Sydney Wanderers","Adelaide United","Hyundai A-League R26","Pirtek Stadium",9837,"14/15","2015-04-18","26"
"535","Brisbane Roar","Melbourne Victory","Hyundai A-League R26","Suncorp Stadium",11582,"14/15","2015-04-18","26"
"536","Adelaide United","Sydney FC","Hyundai A-League R1","Coopers Stadium",10018,"18/19","2018-10-19","1"
"537","Melbourne Victory","Melbourne City","Hyundai A-League R1","Marvel Stadium",40505,"18/19","2018-10-20","1"
"538","Wellington Phoenix","Newcastle Jets","Hyundai A-League R1","Westpac Stadium",9174,"18/19","2018-10-21","1"
"539","Brisbane Roar","Central Coast Mariners","Hyundai A-League R1","Suncorp Stadium",14859,"18/19","2018-10-21","1"
"540","Perth Glory","Western Sydney Wanderers","Hyundai A-League R1","HBF Park",10206,"18/19","2018-10-21","1"
"541","Central Coast Mariners","Melbourne City","Hyundai A-League R2","Central Coast Stadium",7144,"18/19","2018-10-27","2"
"542","Brisbane Roar","Wellington Phoenix","Hyundai A-League R2","Suncorp Stadium",15129,"18/19","2018-10-28","2"
"543","Sydney FC","Western Sydney Wanderers","Hyundai A-League R2","Sydney Cricket Ground",30588,"18/19","2018-10-27","2"
"544","Melbourne Victory","Perth Glory","Hyundai A-League R2","AAMI Park",17219,"18/19","2018-10-28","2"
"545","Adelaide United","Newcastle Jets","Hyundai A-League R2","Coopers Stadium",7906,"18/19","2018-10-26","2"
"546","Melbourne City","Sydney FC","Hyundai A-League R3","AAMI Park",12086,"18/19","2018-11-02","3"
"547","Wellington Phoenix","Western Sydney Wanderers","Hyundai A-League R3","Westpac Stadium",5339,"18/19","2018-11-03","3"
"548","Newcastle Jets","Melbourne Victory","Hyundai A-League R3","McDonald Jones Stadium",11813,"18/19","2018-11-03","3"
"549","Perth Glory","Brisbane Roar","Hyundai A-League R3","HBF Park",9446,"18/19","2018-11-03","3"
"550","Central Coast Mariners","Adelaide United","Hyundai A-League R3","Central Coast Stadium",6043,"18/19","2018-11-04","3"
"551","Melbourne City","Wellington Phoenix","Hyundai A-League R4","AAMI Park",6410,"18/19","2018-11-09","4"
"552","Western Sydney Wanderers","Brisbane Roar","Hyundai A-League R4","Glen Willow Sporting Field",5067,"18/19","2018-11-10","4"
"553","Newcastle Jets","Sydney FC","Hyundai A-League R4","McDonald Jones Stadium",11415,"18/19","2018-11-10","4"
"554","Adelaide United","Perth Glory","Hyundai A-League R4","Coopers Stadium",9705,"18/19","2018-11-11","4"
"555","Melbourne Victory","Central Coast Mariners","Hyundai A-League R4","AAMI Park",16508,"18/19","2018-11-11","4"
"556","Western Sydney Wanderers","Newcastle Jets","Hyundai A-League R5","Spotless Stadium",10458,"18/19","2018-11-23","5"
"557","Wellington Phoenix","Adelaide United","Hyundai A-League R5","Westpac Stadium",4831,"18/19","2018-11-24","5"
"558","Brisbane Roar","Melbourne City","Hyundai A-League R5","Suncorp Stadium",9925,"18/19","2018-11-24","5"
"559","Sydney FC","Melbourne Victory","Hyundai A-League R5","Netstrata Jubilee Stadium",19081,"18/19","2018-11-25","5"
"560","Perth Glory","Central Coast Mariners","Hyundai A-League R5","HBF Park",10417,"18/19","2018-11-25","5"
"561","Adelaide United","Brisbane Roar","Hyundai A-League R6","Coopers Stadium",8005,"18/19","2018-11-30","6"
"562","Central Coast Mariners","Sydney FC","Hyundai A-League R6","Central Coast Stadium",8386,"18/19","2018-12-01","6"
"563","Melbourne Victory","Western Sydney Wanderers","Hyundai A-League R6","Marvel Stadium",19556,"18/19","2018-12-01","6"
"564","Wellington Phoenix","Perth Glory","Hyundai A-League R6","Westpac Stadium",4829,"18/19","2018-12-02","6"
"565","Melbourne City","Newcastle Jets","Hyundai A-League R6","AAMI Park",6013,"18/19","2018-12-02","6"
"566","Western Sydney Wanderers","Central Coast Mariners","Hyundai A-League R7","Spotless Stadium",8163,"18/19","2018-12-07","7"
"567","Sydney FC","Wellington Phoenix","Hyundai A-League R7","Netstrata Jubilee Stadium",10101,"18/19","2018-12-08","7"
"568","Melbourne Victory","Adelaide United","Hyundai A-League R7","Marvel Stadium",20629,"18/19","2018-12-08","7"
"569","Perth Glory","Melbourne City","Hyundai A-League R7","HBF Park",8489,"18/19","2018-12-08","7"
"570","Newcastle Jets","Brisbane Roar","Hyundai A-League R7","McDonald Jones Stadium",9719,"18/19","2018-12-09","7"
"571","Brisbane Roar","Melbourne Victory","Hyundai A-League R8","Suncorp Stadium",10289,"18/19","2018-12-14","8"
"572","Wellington Phoenix","Central Coast Mariners","Hyundai A-League R8","Westpac Stadium",6970,"18/19","2018-12-15","8"
"573","Western Sydney Wanderers","Sydney FC","Hyundai A-League R8","ANZ Stadium",18043,"18/19","2018-12-15","8"
"574","Newcastle Jets","Perth Glory","Hyundai A-League R8","McDonald Jones Stadium",6701,"18/19","2018-12-16","8"
"575","Adelaide United","Melbourne City","Hyundai A-League R8","Coopers Stadium",8504,"18/19","2018-12-16","8"
"576","Perth Glory","Sydney FC","Hyundai A-League R9","HBF Park",10356,"18/19","2018-12-21","9"
"577","Central Coast Mariners","Newcastle Jets","Hyundai A-League R9","Central Coast Stadium",8923,"18/19","2018-12-23","9"
"578","Melbourne City","Melbourne Victory","Hyundai A-League R9","AAMI Park",24306,"18/19","2018-12-22","9"
"579","Wellington Phoenix","Brisbane Roar","Hyundai A-League R9","Westpac Stadium",6841,"18/19","2018-12-22","9"
"580","Adelaide United","Western Sydney Wanderers","Hyundai A-League R9","Coopers Stadium",8003,"18/19","2018-12-26","9"
"581","Melbourne Victory","Wellington Phoenix","Hyundai A-League R10","AAMI Park",20066,"18/19","2018-12-28","10"
"582","Sydney FC","Brisbane Roar","Hyundai A-League R10","Netstrata Jubilee Stadium",12216,"18/19","2018-12-29","10"
"583","Newcastle Jets","Adelaide United","Hyundai A-League R10","McDonald Jones Stadium",9005,"18/19","2018-12-30","10"
"584","Central Coast Mariners","Perth Glory","Hyundai A-League R10","Central Coast Stadium",6048,"18/19","2018-12-31","10"
"585","Western Sydney Wanderers","Melbourne City","Hyundai A-League R10","ANZ Stadium",8365,"18/19","2019-01-01","10"
"586","Sydney FC","Central Coast Mariners","Hyundai A-League R11","Netstrata Jubilee Stadium",12053,"18/19","2019-01-04","11"
"587","Adelaide United","Wellington Phoenix","Hyundai A-League R11","Coopers Stadium",8954,"18/19","2019-01-05","11"
"588","Western Sydney Wanderers","Melbourne Victory","Hyundai A-League R11","ANZ Stadium",7062,"18/19","2019-01-05","11"
"589","Melbourne City","Newcastle Jets","Hyundai A-League R11","AAMI Park",7368,"18/19","2019-01-06","11"
"590","Brisbane Roar","Perth Glory","Hyundai A-League R11","Suncorp Stadium",9249,"18/19","2019-01-06","11"
"591","Adelaide United","Melbourne Victory","Hyundai A-League R12","Coopers Stadium",12115,"18/19","2019-01-09","12"
"592","Newcastle Jets","Brisbane Roar","Hyundai A-League R12","McDonald Jones Stadium",8519,"18/19","2019-01-02","12"
"593","Western Sydney Wanderers","Wellington Phoenix","Hyundai A-League R12","ANZ Stadium",7288,"18/19","2019-01-08","12"
"594","Central Coast Mariners","Melbourne City","Hyundai A-League R12","Central Coast Stadium",4103,"18/19","2019-01-16","12"
"595","Perth Glory","Sydney FC","Hyundai A-League R12","HBF Park",9521,"18/19","2019-01-09","12"
"596","Melbourne City","Brisbane Roar","Hyundai A-League R13","AAMI Park",6348,"18/19","2019-01-11","13"
"597","Wellington Phoenix","Central Coast Mariners","Hyundai A-League R13","Westpac Stadium",10196,"18/19","2019-01-12","13"
"598","Melbourne Victory","Newcastle Jets","Hyundai A-League R13","AAMI Park",16694,"18/19","2019-01-12","13"
"599","Sydney FC","Adelaide United","Hyundai A-League R13","Netstrata Jubilee Stadium",11560,"18/19","2019-01-13","13"
"600","Perth Glory","Western Sydney Wanderers","Hyundai A-League R13","HBF Park",8945,"18/19","2019-01-13","13"
"601","Western Sydney Wanderers","Adelaide United","Hyundai A-League R14","ANZ Stadium",7104,"18/19","2019-01-18","14"
"602","Melbourne City","Perth Glory","Hyundai A-League R14","AAMI Park",6055,"18/19","2019-01-19","14"
"603","Sydney FC","Newcastle Jets","Hyundai A-League R14","Netstrata Jubilee Stadium",12681,"18/19","2019-01-19","14"
"604","Melbourne Victory","Wellington Phoenix","Hyundai A-League R14","AAMI Park",18136,"18/19","2019-01-20","14"
"605","Central Coast Mariners","Brisbane Roar","Hyundai A-League R14","Central Coast Stadium",4873,"18/19","2019-01-20","14"
"606","Melbourne City","Western Sydney Wanderers","Hyundai A-League R15","AAMI Park",5149,"18/19","2019-01-22","15"
"607","Newcastle Jets","Central Coast Mariners","Hyundai A-League R15","McDonald Jones Stadium",9466,"18/19","2019-01-23","15"
"608","Wellington Phoenix","Sydney FC","Hyundai A-League R15","Westpac Stadium",8961,"18/19","2019-01-23","15"
"609","Brisbane Roar","Melbourne Victory","Hyundai A-League R15","Suncorp Stadium",7131,"18/19","2019-01-15","15"
"610","Perth Glory","Adelaide United","Hyundai A-League R15","HBF Park",7213,"18/19","2019-01-23","15"
"611","Brisbane Roar","Western Sydney Wanderers","Hyundai A-League R16","Suncorp Stadium",8053,"18/19","2019-01-25","16"
"612","Wellington Phoenix","Melbourne City","Hyundai A-League R16","Westpac Stadium",8554,"18/19","2019-01-26","16"
"613","Melbourne Victory","Sydney FC","Hyundai A-League R16","AAMI Park",21085,"18/19","2019-01-26","16"
"614","Perth Glory","Newcastle Jets","Hyundai A-League R16","HBF Park",11393,"18/19","2019-01-27","16"
"615","Adelaide United","Central Coast Mariners","Hyundai A-League R16","Coopers Stadium",7965,"18/19","2019-01-27","16"
"616","Western Sydney Wanderers","Newcastle Jets","Hyundai A-League R17","ANZ Stadium",7594,"18/19","2019-02-01","17"
"617","Adelaide United","Brisbane Roar","Hyundai A-League R17","Coopers Stadium",7071,"18/19","2019-02-02","17"
"618","Perth Glory","Wellington Phoenix","Hyundai A-League R17","HBF Park",9148,"18/19","2019-02-02","17"
"619","Central Coast Mariners","Melbourne Victory","Hyundai A-League R17","Central Coast Stadium",5223,"18/19","2019-02-02","17"
"620","Sydney FC","Melbourne City","Hyundai A-League R17","Netstrata Jubilee Stadium",13029,"18/19","2019-02-03","17"
"621","Newcastle Jets","Wellington Phoenix","Hyundai A-League R18","McDonald Jones Stadium",7394,"18/19","2019-02-07","18"
"622","Brisbane Roar","Sydney FC","Hyundai A-League R18","Suncorp Stadium",8356,"18/19","2019-02-08","18"
"623","Western Sydney Wanderers","Central Coast Mariners","Hyundai A-League R18","Spotless Stadium",5364,"18/19","2019-02-09","18"
"624","Melbourne City","Adelaide United","Hyundai A-League R18","AAMI Park",6569,"18/19","2019-02-09","18"
"625","Melbourne Victory","Perth Glory","Hyundai A-League R18","AAMI Park",25071,"18/19","2019-02-10","18"
"626","Newcastle Jets","Melbourne City","Hyundai A-League R19","McDonald Jones Stadium",7980,"18/19","2019-02-15","19"
"627","Wellington Phoenix","Melbourne Victory","Hyundai A-League R19","Eden Park",23648,"18/19","2019-02-15","19"
"628","Adelaide United","Western Sydney Wanderers","Hyundai A-League R19","Coopers Stadium",8880,"18/19","2019-02-16","19"
"629","Perth Glory","Brisbane Roar","Hyundai A-League R19","HBF Park",10831,"18/19","2019-02-16","19"
"630","Sydney FC","Central Coast Mariners","Hyundai A-League R19","Leichhardt Oval",12188,"18/19","2019-02-17","19"
"631","Central Coast Mariners","Brisbane Roar","Hyundai A-League R20","Central Coast Stadium",4173,"18/19","2019-02-22","20"
"632","Newcastle Jets","Adelaide United","Hyundai A-League R20","McDonald Jones Stadium",8912,"18/19","2019-02-24","20"
"633","Melbourne Victory","Melbourne City","Hyundai A-League R20","Marvel Stadium",32431,"18/19","2019-02-23","20"
"634","Wellington Phoenix","Sydney FC","Hyundai A-League R20","Campbelltown Stadium",5115,"18/19","2019-02-23","20"
"635","Western Sydney Wanderers","Perth Glory","Hyundai A-League R20","Spotless Stadium",7181,"18/19","2019-02-24","20"
"636","Sydney FC","Adelaide United","Hyundai A-League R21","Leichhardt Oval",11217,"18/19","2019-03-01","21"
"637","Melbourne Victory","Newcastle Jets","Hyundai A-League R21","GMHBA Stadium",8039,"18/19","2019-03-02","21"
"638","Melbourne City","Perth Glory","Hyundai A-League R21","AAMI Park",7746,"18/19","2019-03-03","21"
"639","Brisbane Roar","Western Sydney Wanderers","Hyundai A-League R21","Suncorp Stadium",8130,"18/19","2019-03-08","21"
"640","Central Coast Mariners","Wellington Phoenix","Hyundai A-League R21","Central Coast Stadium",3703,"18/19","2019-03-09","21"
"641","Melbourne Victory","Brisbane Roar","Hyundai A-League R22","Marvel Stadium",16357,"18/19","2019-03-16","22"
"642","Newcastle Jets","Central Coast Mariners","Hyundai A-League R22","McDonald Jones Stadium",8173,"18/19","2019-03-16","22"
"643","Sydney FC","Melbourne City","Hyundai A-League R22","Leichhardt Oval",6261,"18/19","2019-03-17","22"
"644","Wellington Phoenix","Western Sydney Wanderers","Hyundai A-League R22","Westpac Stadium",7685,"18/19","2019-03-17","22"
"645","Adelaide United","Perth Glory","Hyundai A-League R22","Coopers Stadium",7853,"18/19","2019-03-15","22"
"646","Brisbane Roar","Sydney FC","Hyundai A-League R23","Suncorp Stadium",8059,"18/19","2019-03-29","23"
"647","Wellington Phoenix","Newcastle Jets","Hyundai A-League R23","Westpac Stadium",9028,"18/19","2019-03-30","23"
"648","Western Sydney Wanderers","Melbourne City","Hyundai A-League R23","ANZ Stadium",7078,"18/19","2019-03-30","23"
"649","Central Coast Mariners","Adelaide United","Hyundai A-League R23","Central Coast Stadium",4683,"18/19","2019-03-31","23"
"650","Perth Glory","Melbourne Victory","Hyundai A-League R23","HBF Park",17856,"18/19","2019-03-30","23"
"651","Melbourne City","Brisbane Roar","Hyundai A-League R24","AAMI Park",5012,"18/19","2019-04-05","24"
"652","Newcastle Jets","Western Sydney Wanderers","Hyundai A-League R24","McDonald Jones Stadium",8756,"18/19","2019-04-06","24"
"653","Sydney FC","Melbourne Victory","Hyundai A-League R24","Sydney Cricket Ground",14155,"18/19","2019-04-06","24"
"654","Adelaide United","Wellington Phoenix","Hyundai A-League R24","Coopers Stadium",8343,"18/19","2019-04-07","24"
"655","Central Coast Mariners","Perth Glory","Hyundai A-League R24","Central Coast Stadium",3939,"18/19","2019-04-07","24"
"656","Brisbane Roar","Wellington Phoenix","Hyundai A-League R25","Suncorp Stadium",6084,"18/19","2019-04-12","25"
"657","Melbourne City","Adelaide United","Hyundai A-League R25","AAMI Park",7720,"18/19","2019-04-13","25"
"658","Western Sydney Wanderers","Sydney FC","Hyundai A-League R25","ANZ Stadium",21984,"18/19","2019-04-13","25"
"659","Melbourne Victory","Central Coast Mariners","Hyundai A-League R25","AAMI Park",16158,"18/19","2019-04-14","25"
"660","Perth Glory","Newcastle Jets","Hyundai A-League R25","HBF Park",11349,"18/19","2019-04-14","25"
"661","Sydney FC","Perth Glory","Hyundai A-League R26","Netstrata Jubilee Stadium",11227,"18/19","2019-04-18","26"
"662","Adelaide United","Melbourne Victory","Hyundai A-League R26","Coopers Stadium",12866,"18/19","2019-04-19","26"
"663","Brisbane Roar","Newcastle Jets","Hyundai A-League R26","Suncorp Stadium",7985,"18/19","2019-04-20","26"
"664","Central Coast Mariners","Western Sydney Wanderers","Hyundai A-League R26","Central Coast Stadium",5059,"18/19","2019-04-20","26"
"665","Wellington Phoenix","Melbourne City","Hyundai A-League R26","Westpac Stadium",8294,"18/19","2019-04-21","26"
"666","Brisbane Roar","Adelaide United","Hyundai A-League R27","Suncorp Stadium",11790,"18/19","2019-04-25","27"
"667","Newcastle Jets","Sydney FC","Hyundai A-League R27","McDonald Jones Stadium",10260,"18/19","2019-04-27","27"
"668","Western Sydney Wanderers","Melbourne Victory","Hyundai A-League R27","ANZ Stadium",7919,"18/19","2019-04-27","27"
"669","Perth Glory","Wellington Phoenix","Hyundai A-League R27","HBF Park",9875,"18/19","2019-04-28","27"
